"Customer Name","Page ID"
"Wilson Security","22a902fd-0097-8068-a805-df02683f6071"
"Grant Thornton","228902fd-0097-809c-af15-d1de35c7e4ce"
"easykind","227902fd-0097-80e5-9904-f505bc7edae7"
"ACU","219902fd-0097-8068-8700-ff1f37766d3a"
"Melrose","219902fd-0097-8039-8e22-c4ae28bad22d"
"BDO","218902fd-0097-80b8-b4ec-d0c435094b5a"
"Sentaris","20b902fd-0097-8047-b13a-eafbec14cdd2"
"EMM Consulting","1f4902fd-0097-801d-8fc7-c5e3ec7ceda3"
"University of WA","1f1902fd-0097-806c-8a1e-ce08bdd112dc"
"TAG","1ed902fd-0097-8058-a6de-ca9c4181aee1"
"Metcash","1e5902fd-0097-80c7-bb48-e2f5fdc5e3c6"
"Australian Sports Commission","1df902fd-0097-80f0-b62c-ef7fd9c30f59"
"Federation University","1de902fd-0097-80d3-a9ad-f99bac88fc92"
"Bruntwork","1d7902fd-0097-805e-9594-e8b92df33881"
"BMD Group","1d7902fd-0097-80e7-8623-d38fd9c8d57e"
"TEST-CONTOSO HOLDINGS","1d1902fd-0097-806c-90be-c1830dfe558a"
"Alation","1cc902fd-0097-809e-89a6-ec8a98666667"
"Altis","1cc902fd-0097-8069-9e0f-fc5dbb738c8f"
"Sigma Healthcare","1cc902fd-0097-80eb-9add-f01c081002d5"
"Clayton Utz","1ca902fd-0097-8000-b1a5-d09ff16bdda3"
"Cox Architecture","1c5902fd-0097-8041-bc2d-d3aa4c341ede"
"Amplify","1be902fd-0097-8004-a385-c528a4440afa"
"Alinta","1bc902fd-0097-800b-a3ed-f43f71f3515b"
"valon","1bb902fd-0097-8071-a4dd-e2c15448df9d"
"Worldpay","1b6902fd-0097-80bd-b21c-f8ce5f9eda96"
"AGL","1b4902fd-0097-80e1-912a-f16e1fd11409"
"Forest One","1af902fd-0097-8037-a710-daab84dd2efc"
"Enersys","1ae902fd-0097-8051-a470-f8f4719f5dde"
"Overdose","1ae902fd-0097-80de-ac22-e1bad39a9516"
"Partner","1ae902fd-0097-80c9-8086-da16be3ce511"
"Ryft","1ac902fd-0097-8042-b20e-fd1be8db18db"
"Macquarie University","1a4902fd-0097-8083-82c3-e452682957c4"
"Fleetwood","19b902fd-0097-8023-aa68-ebf84001c20b"
"Microsoft","196902fd-0097-807f-a06f-cfef9f975cb1"
"Saab","183902fd-0097-805e-a1ee-c6cef7886457"
"yourtown","164902fd-0097-80fc-9e09-c97f44f0e04d"
"Monadelphous","14c902fd-0097-80eb-96ca-d22abc53aa8b"
"ICON","14c902fd-0097-8091-9be0-eb4d21fd464f"
"Deloitte","13f902fd-0097-80cd-ad3f-fd36411ee043"
"Hall & Wilcox","13e902fd-0097-8097-9f3e-eba8dd6b8ff1"
"MYOB","120902fd-0097-8022-9340-ea0fac46fe5f"
"CSL","118902fd-0097-8054-ae7f-e85127b629ff"
"AFCA","118902fd-0097-8054-a005-f9b77060befb"
"Ecoscape Living","c8b26661-1425-4057-82fd-b681c7ae5410"
"Spicers","885c95d4-3b05-4efa-bbfd-c2a8eb18a0a2"
"Healthscope","a9f29c50-77ed-4ecf-9050-8b3ed796ab51"
"Haslin","71c6f679-8a1c-47bc-a617-e6b3a95a9a0d"
"Georgiou","9a10e674-2efc-4ac7-827b-fe476e817623"
"Insurgence","8a3b914a-2311-4da2-83b2-93123cdcd689"
"TQ Solutions","ab714a5d-d3ca-4384-988c-bb1c20a0cc92"
"Chemist Warehouse","f0d4f05f-6111-4003-b39a-e2039b0e8360"
